,random,logit,unembedding,frequency,best,best numbers,animal
0,20.524999999999977,18.5,18.5,17.0,24.375,10,elephant
1,16.024999999999977,13.0,16.5,13.25,18.75,10,dolphin
2,12.75,10.5,12.5,9.25,15.5,10,panda
3,18.75,15.75,17.25,14.75,23.75,10,lion
4,18.5,16.5,17.5,14.25,20.25,20,kangaroo
5,20.25,17.0,18.5,0.0,22.0,26,penguin
6,18.625,15.5,16.25,0.0,21.875,10,giraffe
7,18.0,15.75,17.0,0.0,22.0,10,chimpanzee
8,17.0,15.5,14.5,0.0,21.25,100,koala
9,14.75,13.0,13.5,0.0,18.25,10,orangutan
